customer_id,first_name,last_name,country,signup_date
1,Name1,Surname1,Australia,2024-07-30
2,Name2,Surname2,Canada,2024-08-08
3,Name3,Surname3,USA,2024-10-18
4,Name4,Surname4,Australia,2024-04-26
5,Name5,Surname5,Germany,2024-04-22
6,Name6,Surname6,Canada,2024-06-18
7,Name7,Surname7,Australia,2024-02-28
8,Name8,Surname8,India,2024-08-07
9,Name9,Surname9,Australia,2024-05-21
10,Name10,Surname10,UK,2024-10-03
11,Name11,Surname11,Canada,2024-04-27
12,Name12,Surname12,UK,2024-04-05
13,Name13,Surname13,Germany,2024-03-02
14,Name14,Surname14,Australia,2024-11-20
15,Name15,Surname15,UAE,2024-04-13
16,Name16,Surname16,UAE,2024-05-15
17,Name17,Surname17,Australia,2024-12-05
18,Name18,Surname18,Germany,2024-11-26
19,Name19,Surname19,India,2024-05-02
20,Name20,Surname20,UK,2024-02-03
21,Name21,Surname21,India,2024-11-29
22,Name22,Surname22,USA,2024-01-13
23,Name23,Surname23,USA,2024-10-01
24,Name24,Surname24,Canada,2024-12-23
25,Name25,Surname25,Canada,2024-03-02
26,Name26,Surname26,India,2024-11-15
27,Name27,Surname27,USA,2024-06-29
28,Name28,Surname28,UK,2024-01-05
29,Name29,Surname29,Australia,2024-01-24
30,Name30,Surname30,India,2024-07-16
31,Name31,Surname31,Germany,2024-02-14
32,Name32,Surname32,Canada,2024-07-20
33,Name33,Surname33,Canada,2024-09-19
34,Name34,Surname34,Germany,2024-07-23
35,Name35,Surname35,UAE,2024-08-06
36,Name36,Surname36,India,2024-10-17
37,Name37,Surname37,India,2024-10-26
38,Name38,Surname38,UK,2024-11-23
39,Name39,Surname39,Germany,2024-09-11
40,Name40,Surname40,Canada,2024-10-05
41,Name41,Surname41,UAE,2024-05-09
42,Name42,Surname42,USA,2024-12-16
43,Name43,Surname43,Germany,2024-03-04
44,Name44,Surname44,Australia,2024-02-01
45,Name45,Surname45,Australia,2024-04-22
46,Name46,Surname46,Canada,2024-12-31
47,Name47,Surname47,Canada,2024-03-29
48,Name48,Surname48,UAE,2024-03-09
49,Name49,Surname49,Germany,2024-10-02
50,Name50,Surname50,India,2024-07-06
51,Name51,Surname51,UAE,2024-11-06
52,Name52,Surname52,Canada,2024-05-01
53,Name53,Surname53,Australia,2024-10-02
54,Name54,Surname54,Australia,2024-09-29
55,Name55,Surname55,UK,2024-03-12
56,Name56,Surname56,UK,2024-06-30
57,Name57,Surname57,Australia,2024-04-09
58,Name58,Surname58,USA,2024-10-20
59,Name59,Surname59,Germany,2024-12-20
60,Name60,Surname60,Canada,2024-01-21
61,Name61,Surname61,Germany,2024-11-25
62,Name62,Surname62,Australia,2024-08-09
63,Name63,Surname63,UAE,2024-09-24
64,Name64,Surname64,India,2024-09-05
65,Name65,Surname65,Germany,2024-07-09
66,Name66,Surname66,USA,2024-08-22
67,Name67,Surname67,Australia,2024-09-01
68,Name68,Surname68,India,2024-11-29
69,Name69,Surname69,Australia,2024-06-08
70,Name70,Surname70,India,2024-11-20
71,Name71,Surname71,USA,2024-10-09
72,Name72,Surname72,Germany,2024-01-07
73,Name73,Surname73,UAE,2024-04-28
74,Name74,Surname74,Germany,2024-06-21
75,Name75,Surname75,India,2024-03-14
76,Name76,Surname76,UK,2024-02-24
77,Name77,Surname77,Canada,2024-09-12
78,Name78,Surname78,Canada,2024-10-30
79,Name79,Surname79,UAE,2024-02-07
80,Name80,Surname80,UAE,2024-05-02
81,Name81,Surname81,UAE,2024-09-25
82,Name82,Surname82,Germany,2024-06-23
83,Name83,Surname83,Australia,2024-04-24
84,Name84,Surname84,UAE,2024-04-28
85,Name85,Surname85,Canada,2024-11-30
86,Name86,Surname86,UAE,2024-12-22
87,Name87,Surname87,Canada,2024-06-18
88,Name88,Surname88,UK,2024-04-22
89,Name89,Surname89,Australia,2024-01-08
90,Name90,Surname90,India,2024-04-24
91,Name91,Surname91,Australia,2024-12-25
92,Name92,Surname92,Australia,2024-03-21
93,Name93,Surname93,Australia,2024-12-03
94,Name94,Surname94,Australia,2024-10-22
95,Name95,Surname95,India,2024-02-06
96,Name96,Surname96,UK,2024-10-15
97,Name97,Surname97,Australia,2024-03-29
98,Name98,Surname98,India,2024-09-06
99,Name99,Surname99,Germany,2024-01-06
100,Name100,Surname100,Germany,2024-10-30
101,Name101,Surname101,India,2024-03-22
102,Name102,Surname102,India,2024-12-19
103,Name103,Surname103,Canada,2024-05-27
104,Name104,Surname104,Germany,2024-05-11
105,Name105,Surname105,India,2024-08-13
106,Name106,Surname106,India,2024-03-07
107,Name107,Surname107,UK,2024-08-21
108,Name108,Surname108,Germany,2024-08-30
109,Name109,Surname109,Australia,2024-07-04
110,Name110,Surname110,UAE,2024-03-23
111,Name111,Surname111,UAE,2024-02-09
112,Name112,Surname112,Germany,2024-10-04
113,Name113,Surname113,Canada,2024-08-22
114,Name114,Surname114,Australia,2024-12-31
115,Name115,Surname115,UAE,2024-08-07
116,Name116,Surname116,Australia,2024-01-12
117,Name117,Surname117,Canada,2024-03-04
118,Name118,Surname118,UAE,2024-06-13
119,Name119,Surname119,India,2024-06-23
120,Name120,Surname120,UAE,2024-07-17
121,Name121,Surname121,UK,2024-09-27
122,Name122,Surname122,USA,2024-12-11
123,Name123,Surname123,India,2024-10-08
124,Name124,Surname124,Canada,2024-08-14
125,Name125,Surname125,USA,2024-10-30
126,Name126,Surname126,UAE,2024-06-26
127,Name127,Surname127,Germany,2024-06-12
128,Name128,Surname128,Canada,2024-05-05
129,Name129,Surname129,Germany,2024-10-26
130,Name130,Surname130,Germany,2024-07-08
131,Name131,Surname131,Australia,2024-08-17
132,Name132,Surname132,Australia,2024-10-09
133,Name133,Surname133,UK,2024-10-23
134,Name134,Surname134,Australia,2024-03-26
135,Name135,Surname135,India,2024-06-01
136,Name136,Surname136,UAE,2024-03-06
137,Name137,Surname137,Germany,2024-06-13
138,Name138,Surname138,India,2024-01-19
139,Name139,Surname139,Canada,2024-06-28
140,Name140,Surname140,USA,2024-02-27
141,Name141,Surname141,UAE,2024-02-15
142,Name142,Surname142,UAE,2024-11-22
143,Name143,Surname143,India,2024-02-04
144,Name144,Surname144,UK,2024-02-04
145,Name145,Surname145,Germany,2024-03-15
146,Name146,Surname146,India,2024-05-31
147,Name147,Surname147,Germany,2024-11-25
148,Name148,Surname148,UAE,2024-09-04
149,Name149,Surname149,USA,2024-02-09
150,Name150,Surname150,Canada,2024-07-27
151,Name151,Surname151,Australia,2024-06-22
152,Name152,Surname152,UAE,2024-10-16
153,Name153,Surname153,UAE,2024-10-26
154,Name154,Surname154,Australia,2024-09-18
155,Name155,Surname155,Australia,2024-12-02
156,Name156,Surname156,India,2024-11-04
157,Name157,Surname157,Germany,2024-08-13
158,Name158,Surname158,USA,2024-11-23
159,Name159,Surname159,USA,2024-06-17
160,Name160,Surname160,Germany,2024-10-31
161,Name161,Surname161,Germany,2024-10-01
162,Name162,Surname162,Canada,2024-08-13
163,Name163,Surname163,Canada,2024-07-07
164,Name164,Surname164,India,2024-04-14
165,Name165,Surname165,Germany,2024-08-05
166,Name166,Surname166,UAE,2024-11-19
167,Name167,Surname167,UK,2024-06-03
168,Name168,Surname168,India,2024-06-10
169,Name169,Surname169,UAE,2024-02-22
170,Name170,Surname170,UK,2024-07-19
171,Name171,Surname171,USA,2024-11-16
172,Name172,Surname172,India,2024-01-02
173,Name173,Surname173,Canada,2024-11-25
174,Name174,Surname174,India,2024-01-28
175,Name175,Surname175,Germany,2024-01-20
176,Name176,Surname176,USA,2024-02-19
177,Name177,Surname177,India,2024-03-14
178,Name178,Surname178,USA,2024-02-23
179,Name179,Surname179,UK,2024-11-15
180,Name180,Surname180,UAE,2024-01-13
181,Name181,Surname181,Australia,2024-09-11
182,Name182,Surname182,UAE,2024-01-09
183,Name183,Surname183,USA,2024-01-02
184,Name184,Surname184,Canada,2024-05-29
185,Name185,Surname185,UK,2024-03-20
186,Name186,Surname186,Germany,2024-12-26
187,Name187,Surname187,Canada,2024-04-13
188,Name188,Surname188,Canada,2024-10-06
189,Name189,Surname189,Canada,2024-08-10
190,Name190,Surname190,Australia,2024-02-10
191,Name191,Surname191,Canada,2024-09-20
192,Name192,Surname192,Canada,2024-06-10
193,Name193,Surname193,Germany,2024-01-01
194,Name194,Surname194,UAE,2024-03-23
195,Name195,Surname195,UAE,2024-07-24
196,Name196,Surname196,UK,2024-02-02
197,Name197,Surname197,India,2024-03-06
198,Name198,Surname198,India,2024-10-04
199,Name199,Surname199,Germany,2024-12-11
200,Name200,Surname200,Australia,2024-03-09
201,Name201,Surname201,UAE,2024-08-15
202,Name202,Surname202,Germany,2024-01-15
203,Name203,Surname203,Australia,2024-08-13
204,Name204,Surname204,USA,2024-08-05
205,Name205,Surname205,Canada,2024-12-02
206,Name206,Surname206,UK,2024-11-20
207,Name207,Surname207,Australia,2024-05-21
208,Name208,Surname208,UK,2024-05-27
209,Name209,Surname209,Canada,2024-04-24
210,Name210,Surname210,Germany,2024-09-30
211,Name211,Surname211,Germany,2024-02-25
212,Name212,Surname212,Australia,2024-12-18
213,Name213,Surname213,India,2024-02-15
214,Name214,Surname214,UAE,2024-08-20
215,Name215,Surname215,Australia,2024-06-01
216,Name216,Surname216,Canada,2024-06-13
217,Name217,Surname217,Canada,2024-10-25
218,Name218,Surname218,India,2024-02-10
219,Name219,Surname219,India,2024-04-30
220,Name220,Surname220,Canada,2024-11-03
221,Name221,Surname221,Australia,2024-11-29
222,Name222,Surname222,USA,2024-04-04
223,Name223,Surname223,UK,2024-10-02
224,Name224,Surname224,Australia,2024-05-28
225,Name225,Surname225,UK,2024-05-01
226,Name226,Surname226,India,2024-02-29
227,Name227,Surname227,UK,2024-04-01
228,Name228,Surname228,India,2024-05-25
229,Name229,Surname229,UAE,2024-09-10
230,Name230,Surname230,Australia,2024-05-04
231,Name231,Surname231,UAE,2024-10-07
232,Name232,Surname232,Canada,2024-08-11
233,Name233,Surname233,UAE,2024-02-28
234,Name234,Surname234,Germany,2024-06-09
235,Name235,Surname235,Australia,2024-03-24
236,Name236,Surname236,Canada,2024-09-10
237,Name237,Surname237,UAE,2024-10-11
238,Name238,Surname238,UAE,2024-07-17
239,Name239,Surname239,India,2024-11-28
240,Name240,Surname240,India,2024-05-06
241,Name241,Surname241,India,2024-03-17
242,Name242,Surname242,Germany,2024-02-17
243,Name243,Surname243,Australia,2024-01-03
244,Name244,Surname244,UK,2024-05-29
245,Name245,Surname245,Australia,2024-08-30
246,Name246,Surname246,India,2024-09-02
247,Name247,Surname247,UAE,2024-06-07
248,Name248,Surname248,UK,2024-10-04
249,Name249,Surname249,Canada,2024-02-24
250,Name250,Surname250,Germany,2024-10-21
251,Name251,Surname251,Australia,2024-12-18
252,Name252,Surname252,Germany,2024-11-13
253,Name253,Surname253,India,2024-09-04
254,Name254,Surname254,Canada,2024-06-18
255,Name255,Surname255,Australia,2024-04-17
256,Name256,Surname256,Canada,2024-02-07
257,Name257,Surname257,Australia,2024-08-14
258,Name258,Surname258,UK,2024-05-15
259,Name259,Surname259,USA,2024-05-15
260,Name260,Surname260,Canada,2024-03-02
261,Name261,Surname261,Canada,2024-10-03
262,Name262,Surname262,India,2024-10-08
263,Name263,Surname263,UAE,2024-07-05
264,Name264,Surname264,UK,2024-01-06
265,Name265,Surname265,India,2024-06-26
266,Name266,Surname266,UK,2024-05-08
267,Name267,Surname267,USA,2024-10-08
268,Name268,Surname268,Germany,2024-07-16
269,Name269,Surname269,UAE,2024-08-01
270,Name270,Surname270,USA,2024-05-13
271,Name271,Surname271,UAE,2024-09-20
272,Name272,Surname272,UK,2024-05-19
273,Name273,Surname273,Canada,2024-12-30
274,Name274,Surname274,UAE,2024-07-09
275,Name275,Surname275,UK,2024-11-29
276,Name276,Surname276,Australia,2024-11-11
277,Name277,Surname277,Germany,2024-10-27
278,Name278,Surname278,USA,2024-06-07
279,Name279,Surname279,India,2024-01-16
280,Name280,Surname280,Australia,2024-12-18
281,Name281,Surname281,USA,2024-11-29
282,Name282,Surname282,Australia,2024-12-09
283,Name283,Surname283,India,2024-08-10
284,Name284,Surname284,UK,2024-01-17
285,Name285,Surname285,UAE,2024-06-27
286,Name286,Surname286,Germany,2024-09-12
287,Name287,Surname287,Australia,2024-06-12
288,Name288,Surname288,Australia,2024-01-25
289,Name289,Surname289,Canada,2024-08-23
290,Name290,Surname290,Australia,2024-09-20
291,Name291,Surname291,India,2024-07-05
292,Name292,Surname292,Canada,2024-05-26
293,Name293,Surname293,UAE,2024-01-05
294,Name294,Surname294,UK,2024-05-17
295,Name295,Surname295,USA,2024-11-07
296,Name296,Surname296,UK,2024-07-17
297,Name297,Surname297,UK,2024-11-07
298,Name298,Surname298,UAE,2024-12-31
299,Name299,Surname299,India,2024-01-31
300,Name300,Surname300,UK,2024-07-24
301,Name301,Surname301,Germany,2024-06-24
302,Name302,Surname302,Canada,2024-12-10
303,Name303,Surname303,Germany,2024-01-12
304,Name304,Surname304,Germany,2024-03-06
305,Name305,Surname305,USA,2024-05-10
306,Name306,Surname306,Canada,2024-02-20
307,Name307,Surname307,Germany,2024-02-24
308,Name308,Surname308,USA,2024-12-26
309,Name309,Surname309,Australia,2024-05-09
310,Name310,Surname310,UK,2024-05-17
311,Name311,Surname311,Germany,2024-02-02
312,Name312,Surname312,Canada,2024-05-10
313,Name313,Surname313,Australia,2024-12-13
314,Name314,Surname314,UK,2024-02-09
315,Name315,Surname315,Canada,2024-09-03
316,Name316,Surname316,UK,2024-02-18
317,Name317,Surname317,UAE,2024-07-26
318,Name318,Surname318,Germany,2024-03-01
319,Name319,Surname319,UAE,2024-08-15
320,Name320,Surname320,Germany,2024-03-30
321,Name321,Surname321,USA,2024-06-10
322,Name322,Surname322,UK,2024-10-25
323,Name323,Surname323,Canada,2024-08-17
324,Name324,Surname324,Canada,2024-06-05
325,Name325,Surname325,India,2024-04-04
326,Name326,Surname326,UAE,2024-02-19
327,Name327,Surname327,Canada,2024-06-14
328,Name328,Surname328,USA,2024-01-08
329,Name329,Surname329,UK,2024-05-11
330,Name330,Surname330,India,2024-07-07
331,Name331,Surname331,Canada,2024-01-29
332,Name332,Surname332,Canada,2024-10-18
333,Name333,Surname333,UK,2024-08-31
334,Name334,Surname334,India,2024-07-03
335,Name335,Surname335,Canada,2024-09-06
336,Name336,Surname336,UK,2024-08-10
337,Name337,Surname337,UK,2024-06-26
338,Name338,Surname338,UAE,2024-07-21
339,Name339,Surname339,USA,2024-05-10
340,Name340,Surname340,Australia,2024-10-01
341,Name341,Surname341,Australia,2024-07-10
342,Name342,Surname342,USA,2024-11-13
343,Name343,Surname343,Canada,2024-05-18
344,Name344,Surname344,USA,2024-02-28
345,Name345,Surname345,Canada,2024-07-20
346,Name346,Surname346,UK,2024-12-05
347,Name347,Surname347,UK,2024-10-17
348,Name348,Surname348,Australia,2024-02-05
349,Name349,Surname349,USA,2024-08-23
350,Name350,Surname350,Germany,2024-06-23
351,Name351,Surname351,Canada,2024-02-14
352,Name352,Surname352,Germany,2024-11-29
353,Name353,Surname353,Germany,2024-01-23
354,Name354,Surname354,Australia,2024-07-18
355,Name355,Surname355,USA,2024-06-19
356,Name356,Surname356,Australia,2024-09-13
357,Name357,Surname357,India,2024-01-10
358,Name358,Surname358,UAE,2024-01-02
359,Name359,Surname359,Germany,2024-05-13
360,Name360,Surname360,Canada,2024-08-08
361,Name361,Surname361,Canada,2024-12-27
362,Name362,Surname362,India,2024-12-26
363,Name363,Surname363,Germany,2024-04-20
364,Name364,Surname364,UK,2024-08-11
365,Name365,Surname365,Australia,2024-03-12
366,Name366,Surname366,India,2024-08-26
367,Name367,Surname367,UAE,2024-05-18
368,Name368,Surname368,USA,2024-08-14
369,Name369,Surname369,UAE,2024-03-03
370,Name370,Surname370,Canada,2024-04-30
371,Name371,Surname371,Canada,2024-06-07
372,Name372,Surname372,UK,2024-05-12
373,Name373,Surname373,UK,2024-02-05
374,Name374,Surname374,Australia,2024-08-14
375,Name375,Surname375,Australia,2024-01-09
376,Name376,Surname376,Australia,2024-08-13
377,Name377,Surname377,Australia,2024-02-01
378,Name378,Surname378,Canada,2024-03-24
379,Name379,Surname379,Germany,2024-12-05
380,Name380,Surname380,India,2024-02-03
381,Name381,Surname381,UAE,2024-03-10
382,Name382,Surname382,UK,2024-06-29
383,Name383,Surname383,Canada,2024-04-15
384,Name384,Surname384,UAE,2024-07-04
385,Name385,Surname385,India,2024-02-13
386,Name386,Surname386,India,2024-03-07
387,Name387,Surname387,India,2024-09-22
388,Name388,Surname388,India,2024-03-18
389,Name389,Surname389,Canada,2024-08-29
390,Name390,Surname390,Canada,2024-07-20
391,Name391,Surname391,Germany,2024-09-21
392,Name392,Surname392,USA,2024-05-04
393,Name393,Surname393,UAE,2024-09-19
394,Name394,Surname394,Australia,2024-12-30
395,Name395,Surname395,India,2024-11-28
396,Name396,Surname396,UK,2024-04-01
397,Name397,Surname397,Germany,2024-02-18
398,Name398,Surname398,USA,2024-12-29
399,Name399,Surname399,Germany,2024-09-18
400,Name400,Surname400,USA,2024-03-04
401,Name401,Surname401,Australia,2024-11-08
402,Name402,Surname402,Germany,2024-09-13
403,Name403,Surname403,Canada,2024-06-04
404,Name404,Surname404,UAE,2024-11-01
405,Name405,Surname405,Australia,2024-09-06
406,Name406,Surname406,Australia,2024-05-01
407,Name407,Surname407,India,2024-12-30
408,Name408,Surname408,UAE,2024-01-07
409,Name409,Surname409,UAE,2024-01-22
410,Name410,Surname410,UK,2024-09-16
411,Name411,Surname411,Australia,2024-07-21
412,Name412,Surname412,Canada,2024-01-24
413,Name413,Surname413,Germany,2024-06-10
414,Name414,Surname414,Australia,2024-05-09
415,Name415,Surname415,India,2024-06-21
416,Name416,Surname416,UK,2024-05-08
417,Name417,Surname417,Germany,2024-10-24
418,Name418,Surname418,UAE,2024-04-11
419,Name419,Surname419,UK,2024-02-25
420,Name420,Surname420,Australia,2024-06-13
421,Name421,Surname421,USA,2024-04-01
422,Name422,Surname422,Canada,2024-07-31
423,Name423,Surname423,India,2024-04-05
424,Name424,Surname424,UK,2024-07-23
425,Name425,Surname425,Germany,2024-01-23
426,Name426,Surname426,Australia,2024-02-27
427,Name427,Surname427,Germany,2024-10-11
428,Name428,Surname428,UK,2024-08-16
429,Name429,Surname429,Germany,2024-08-13
430,Name430,Surname430,Australia,2024-10-22
431,Name431,Surname431,USA,2024-11-10
432,Name432,Surname432,UAE,2024-02-05
433,Name433,Surname433,Australia,2024-02-01
434,Name434,Surname434,UAE,2024-06-22
435,Name435,Surname435,Canada,2024-12-07
436,Name436,Surname436,Canada,2024-02-23
437,Name437,Surname437,India,2024-12-23
438,Name438,Surname438,Australia,2024-04-04
439,Name439,Surname439,Canada,2024-07-12
440,Name440,Surname440,Germany,2024-10-08
441,Name441,Surname441,India,2024-02-19
442,Name442,Surname442,Australia,2024-02-01
443,Name443,Surname443,Australia,2024-10-26
444,Name444,Surname444,Australia,2024-01-26
445,Name445,Surname445,UAE,2024-06-16
446,Name446,Surname446,UAE,2024-06-17
447,Name447,Surname447,India,2024-01-25
448,Name448,Surname448,Germany,2024-05-23
449,Name449,Surname449,Germany,2024-05-10
450,Name450,Surname450,UK,2024-06-06
451,Name451,Surname451,Australia,2024-07-16
452,Name452,Surname452,UAE,2024-04-23
453,Name453,Surname453,Australia,2024-05-06
454,Name454,Surname454,Australia,2024-02-26
455,Name455,Surname455,Australia,2024-10-14
456,Name456,Surname456,UAE,2024-01-27
457,Name457,Surname457,UAE,2024-06-03
458,Name458,Surname458,USA,2024-01-03
459,Name459,Surname459,UK,2024-07-29
460,Name460,Surname460,Canada,2024-10-22
461,Name461,Surname461,UK,2024-08-10
462,Name462,Surname462,Germany,2024-05-11
463,Name463,Surname463,Australia,2024-11-21
464,Name464,Surname464,Germany,2024-08-22
465,Name465,Surname465,USA,2024-05-27
466,Name466,Surname466,UAE,2024-09-05
467,Name467,Surname467,India,2024-10-18
468,Name468,Surname468,India,2024-09-18
469,Name469,Surname469,India,2024-04-24
470,Name470,Surname470,Australia,2024-08-26
471,Name471,Surname471,India,2024-04-26
472,Name472,Surname472,India,2024-10-08
473,Name473,Surname473,UK,2024-02-06
474,Name474,Surname474,UAE,2024-10-27
475,Name475,Surname475,USA,2024-02-23
476,Name476,Surname476,UK,2024-08-18
477,Name477,Surname477,UAE,2024-02-26
478,Name478,Surname478,UAE,2024-12-26
479,Name479,Surname479,Germany,2024-12-22
480,Name480,Surname480,UK,2024-11-17
481,Name481,Surname481,UAE,2024-09-30
482,Name482,Surname482,Australia,2024-04-19
483,Name483,Surname483,India,2024-12-09
484,Name484,Surname484,UK,2024-05-27
485,Name485,Surname485,Australia,2024-10-21
486,Name486,Surname486,Canada,2024-07-13
487,Name487,Surname487,Germany,2024-05-11
488,Name488,Surname488,USA,2024-03-09
489,Name489,Surname489,UK,2024-02-24
490,Name490,Surname490,USA,2024-08-02
491,Name491,Surname491,India,2024-08-06
492,Name492,Surname492,Germany,2024-07-04
493,Name493,Surname493,India,2024-12-04
494,Name494,Surname494,Canada,2024-05-30
495,Name495,Surname495,UK,2024-10-18
496,Name496,Surname496,Germany,2024-11-19
497,Name497,Surname497,Canada,2024-03-02
498,Name498,Surname498,India,2024-05-29
499,Name499,Surname499,Australia,2024-01-15
500,Name500,Surname500,Germany,2024-12-26
501,Name501,Surname501,Germany,2024-02-06
502,Name502,Surname502,USA,2024-11-23
503,Name503,Surname503,Australia,2024-12-06
504,Name504,Surname504,USA,2024-11-17
505,Name505,Surname505,Germany,2024-06-15
506,Name506,Surname506,UK,2024-04-03
507,Name507,Surname507,Germany,2024-02-03
508,Name508,Surname508,Germany,2024-09-02
509,Name509,Surname509,Australia,2024-07-14
510,Name510,Surname510,Canada,2024-06-25
511,Name511,Surname511,Australia,2024-11-16
512,Name512,Surname512,Australia,2024-05-28
513,Name513,Surname513,Germany,2024-06-17
514,Name514,Surname514,Germany,2024-05-03
515,Name515,Surname515,Australia,2024-05-29
516,Name516,Surname516,Australia,2024-04-27
517,Name517,Surname517,Australia,2024-03-11
518,Name518,Surname518,Australia,2024-03-27
519,Name519,Surname519,India,2024-12-03
520,Name520,Surname520,India,2024-08-20
521,Name521,Surname521,Canada,2024-07-13
522,Name522,Surname522,India,2024-04-21
523,Name523,Surname523,Australia,2024-12-30
524,Name524,Surname524,UAE,2024-09-14
525,Name525,Surname525,Canada,2024-04-01
526,Name526,Surname526,Germany,2024-03-09
527,Name527,Surname527,USA,2024-04-03
528,Name528,Surname528,UAE,2024-09-13
529,Name529,Surname529,Australia,2024-08-13
530,Name530,Surname530,Germany,2024-05-10
531,Name531,Surname531,Australia,2024-10-29
532,Name532,Surname532,Australia,2024-08-17
533,Name533,Surname533,Canada,2024-07-17
534,Name534,Surname534,India,2024-01-05
535,Name535,Surname535,Australia,2024-07-03
536,Name536,Surname536,USA,2024-08-06
537,Name537,Surname537,India,2024-09-10
538,Name538,Surname538,India,2024-04-30
539,Name539,Surname539,India,2024-01-01
540,Name540,Surname540,India,2024-12-14
541,Name541,Surname541,UAE,2024-08-22
542,Name542,Surname542,UAE,2024-05-02
543,Name543,Surname543,India,2024-06-09
544,Name544,Surname544,Canada,2024-05-30
545,Name545,Surname545,Australia,2024-10-25
546,Name546,Surname546,Canada,2024-01-29
547,Name547,Surname547,UAE,2024-01-19
548,Name548,Surname548,Germany,2024-04-11
549,Name549,Surname549,Australia,2024-02-04
550,Name550,Surname550,UK,2024-01-15
551,Name551,Surname551,USA,2024-12-26
552,Name552,Surname552,Germany,2024-05-17
553,Name553,Surname553,Germany,2024-11-01
554,Name554,Surname554,Germany,2024-06-21
555,Name555,Surname555,Australia,2024-02-07
556,Name556,Surname556,Germany,2024-12-08
557,Name557,Surname557,Canada,2024-11-22
558,Name558,Surname558,Germany,2024-10-25
559,Name559,Surname559,Germany,2024-01-22
560,Name560,Surname560,Australia,2024-09-10
561,Name561,Surname561,India,2024-07-27
562,Name562,Surname562,Germany,2024-07-04
563,Name563,Surname563,USA,2024-03-02
564,Name564,Surname564,UAE,2024-09-28
565,Name565,Surname565,USA,2024-07-14
566,Name566,Surname566,Canada,2024-04-04
567,Name567,Surname567,Australia,2024-01-05
568,Name568,Surname568,UK,2024-03-03
569,Name569,Surname569,UAE,2024-12-25
570,Name570,Surname570,UAE,2024-01-28
571,Name571,Surname571,UK,2024-11-28
572,Name572,Surname572,USA,2024-09-23
573,Name573,Surname573,UK,2024-01-05
574,Name574,Surname574,India,2024-07-13
575,Name575,Surname575,UK,2024-04-08
576,Name576,Surname576,UAE,2024-04-19
577,Name577,Surname577,Australia,2024-02-25
578,Name578,Surname578,Germany,2024-08-05
579,Name579,Surname579,Australia,2024-06-13
580,Name580,Surname580,USA,2024-01-13
581,Name581,Surname581,UK,2024-09-14
582,Name582,Surname582,Germany,2024-07-16
583,Name583,Surname583,USA,2024-11-10
584,Name584,Surname584,UK,2024-12-20
585,Name585,Surname585,India,2024-04-22
586,Name586,Surname586,USA,2024-10-25
587,Name587,Surname587,India,2024-06-02
588,Name588,Surname588,Germany,2024-07-06
589,Name589,Surname589,India,2024-05-15
590,Name590,Surname590,UAE,2024-01-06
591,Name591,Surname591,Australia,2024-12-13
592,Name592,Surname592,Australia,2024-12-16
593,Name593,Surname593,Australia,2024-10-04
594,Name594,Surname594,Canada,2024-04-14
595,Name595,Surname595,Germany,2024-05-20
596,Name596,Surname596,UAE,2024-08-03
597,Name597,Surname597,Australia,2024-05-09
598,Name598,Surname598,Australia,2024-12-24
599,Name599,Surname599,Canada,2024-08-13
600,Name600,Surname600,Australia,2024-03-22
601,Name601,Surname601,UK,2024-10-04
602,Name602,Surname602,Canada,2024-05-14
603,Name603,Surname603,USA,2024-04-28
604,Name604,Surname604,Canada,2024-04-14
605,Name605,Surname605,India,2024-04-28
606,Name606,Surname606,Canada,2024-09-25
607,Name607,Surname607,UAE,2024-08-16
608,Name608,Surname608,UK,2024-07-30
609,Name609,Surname609,Australia,2024-03-25
610,Name610,Surname610,Germany,2024-11-20
611,Name611,Surname611,Canada,2024-09-08
612,Name612,Surname612,UAE,2024-03-22
613,Name613,Surname613,UK,2024-06-18
614,Name614,Surname614,Germany,2024-12-04
615,Name615,Surname615,India,2024-11-25
616,Name616,Surname616,UAE,2024-02-11
617,Name617,Surname617,UK,2024-11-07
618,Name618,Surname618,India,2024-04-06
619,Name619,Surname619,India,2024-10-18
620,Name620,Surname620,UK,2024-02-15
621,Name621,Surname621,Canada,2024-07-30
622,Name622,Surname622,Germany,2024-07-12
623,Name623,Surname623,USA,2024-08-15
624,Name624,Surname624,Germany,2024-07-18
625,Name625,Surname625,Australia,2024-06-30
626,Name626,Surname626,UAE,2024-01-24
627,Name627,Surname627,USA,2024-06-08
628,Name628,Surname628,India,2024-03-17
629,Name629,Surname629,India,2024-08-01
630,Name630,Surname630,UAE,2024-03-19
631,Name631,Surname631,UK,2024-03-26
632,Name632,Surname632,USA,2024-01-03
633,Name633,Surname633,UK,2024-07-31
634,Name634,Surname634,UK,2024-08-23
635,Name635,Surname635,UK,2024-08-01
636,Name636,Surname636,USA,2024-11-25
637,Name637,Surname637,Canada,2024-09-09
638,Name638,Surname638,USA,2024-12-19
639,Name639,Surname639,UAE,2024-11-12
640,Name640,Surname640,India,2024-11-18
641,Name641,Surname641,UAE,2024-05-18
642,Name642,Surname642,India,2024-05-02
643,Name643,Surname643,India,2024-01-23
644,Name644,Surname644,UK,2024-01-04
645,Name645,Surname645,Australia,2024-07-29
646,Name646,Surname646,USA,2024-01-08
647,Name647,Surname647,Canada,2024-02-27
648,Name648,Surname648,Canada,2024-02-06
649,Name649,Surname649,UAE,2024-06-03
650,Name650,Surname650,Canada,2024-06-07
651,Name651,Surname651,Australia,2024-10-04
652,Name652,Surname652,UK,2024-01-27
653,Name653,Surname653,Australia,2024-12-07
654,Name654,Surname654,USA,2024-07-19
655,Name655,Surname655,USA,2024-06-04
656,Name656,Surname656,USA,2024-11-24
657,Name657,Surname657,Germany,2024-04-26
658,Name658,Surname658,India,2024-08-03
659,Name659,Surname659,USA,2024-01-31
660,Name660,Surname660,USA,2024-09-16
661,Name661,Surname661,UK,2024-02-17
662,Name662,Surname662,India,2024-12-20
663,Name663,Surname663,India,2024-08-12
664,Name664,Surname664,USA,2024-03-31
665,Name665,Surname665,Canada,2024-08-27
666,Name666,Surname666,UK,2024-05-28
667,Name667,Surname667,UK,2024-04-21
668,Name668,Surname668,Australia,2024-07-25
669,Name669,Surname669,India,2024-03-16
670,Name670,Surname670,Australia,2024-03-28
671,Name671,Surname671,USA,2024-01-16
672,Name672,Surname672,UAE,2024-07-15
673,Name673,Surname673,Germany,2024-08-29
674,Name674,Surname674,UK,2024-12-28
675,Name675,Surname675,India,2024-06-05
676,Name676,Surname676,USA,2024-04-15
677,Name677,Surname677,UAE,2024-05-20
678,Name678,Surname678,India,2024-10-15
679,Name679,Surname679,USA,2024-01-03
680,Name680,Surname680,UK,2024-12-03
681,Name681,Surname681,Australia,2024-05-01
682,Name682,Surname682,India,2024-02-05
683,Name683,Surname683,Australia,2024-08-19
684,Name684,Surname684,India,2024-04-12
685,Name685,Surname685,India,2024-12-26
686,Name686,Surname686,UK,2024-12-01
687,Name687,Surname687,USA,2024-08-17
688,Name688,Surname688,USA,2024-11-28
689,Name689,Surname689,India,2024-03-25
690,Name690,Surname690,Australia,2024-12-29
691,Name691,Surname691,UAE,2024-08-06
692,Name692,Surname692,USA,2024-06-07
693,Name693,Surname693,USA,2024-08-13
694,Name694,Surname694,UK,2024-02-22
695,Name695,Surname695,Canada,2024-08-20
696,Name696,Surname696,Australia,2024-11-27
697,Name697,Surname697,India,2024-06-25
698,Name698,Surname698,UAE,2024-08-24
699,Name699,Surname699,Germany,2024-11-20
700,Name700,Surname700,UAE,2024-10-21
701,Name701,Surname701,USA,2024-01-19
702,Name702,Surname702,UK,2024-11-25
703,Name703,Surname703,Australia,2024-05-12
704,Name704,Surname704,UAE,2024-02-23
705,Name705,Surname705,UAE,2024-08-30
706,Name706,Surname706,USA,2024-12-09
707,Name707,Surname707,Australia,2024-05-18
708,Name708,Surname708,Germany,2024-11-04
709,Name709,Surname709,Canada,2024-08-10
710,Name710,Surname710,UK,2024-06-16
711,Name711,Surname711,Canada,2024-11-22
712,Name712,Surname712,USA,2024-05-16
713,Name713,Surname713,Canada,2024-04-06
714,Name714,Surname714,India,2024-08-16
715,Name715,Surname715,Australia,2024-06-04
716,Name716,Surname716,UAE,2024-02-14
717,Name717,Surname717,UK,2024-09-29
718,Name718,Surname718,Germany,2024-10-27
719,Name719,Surname719,UK,2024-04-04
720,Name720,Surname720,India,2024-03-16
721,Name721,Surname721,Germany,2024-03-14
722,Name722,Surname722,USA,2024-01-24
723,Name723,Surname723,USA,2024-07-12
724,Name724,Surname724,UK,2024-05-27
725,Name725,Surname725,Canada,2024-04-28
726,Name726,Surname726,India,2024-04-27
727,Name727,Surname727,Canada,2024-06-02
728,Name728,Surname728,UK,2024-03-29
729,Name729,Surname729,Canada,2024-05-21
730,Name730,Surname730,Canada,2024-05-15
731,Name731,Surname731,Australia,2024-11-28
732,Name732,Surname732,USA,2024-07-22
733,Name733,Surname733,Germany,2024-01-10
734,Name734,Surname734,UK,2024-08-27
735,Name735,Surname735,India,2024-03-10
736,Name736,Surname736,Germany,2024-08-23
737,Name737,Surname737,Australia,2024-07-19
738,Name738,Surname738,UK,2024-06-28
739,Name739,Surname739,USA,2024-08-29
740,Name740,Surname740,UAE,2024-12-01
741,Name741,Surname741,UAE,2024-07-08
742,Name742,Surname742,UK,2024-02-03
743,Name743,Surname743,Germany,2024-11-06
744,Name744,Surname744,Canada,2024-07-16
745,Name745,Surname745,USA,2024-04-22
746,Name746,Surname746,UAE,2024-07-22
747,Name747,Surname747,UAE,2024-12-30
748,Name748,Surname748,UAE,2024-07-27
749,Name749,Surname749,India,2024-09-09
750,Name750,Surname750,Australia,2024-08-11
751,Name751,Surname751,USA,2024-09-04
752,Name752,Surname752,USA,2024-01-10
753,Name753,Surname753,Germany,2024-06-05
754,Name754,Surname754,UAE,2024-08-15
755,Name755,Surname755,Germany,2024-12-29
756,Name756,Surname756,India,2024-05-22
757,Name757,Surname757,Canada,2024-07-03
758,Name758,Surname758,USA,2024-05-12
759,Name759,Surname759,Germany,2024-11-26
760,Name760,Surname760,UK,2024-11-07
761,Name761,Surname761,Canada,2024-08-29
762,Name762,Surname762,UK,2024-12-10
763,Name763,Surname763,Germany,2024-05-02
764,Name764,Surname764,UK,2024-02-15
765,Name765,Surname765,UAE,2024-06-13
766,Name766,Surname766,Australia,2024-07-26
767,Name767,Surname767,UK,2024-05-01
768,Name768,Surname768,Australia,2024-09-26
769,Name769,Surname769,UK,2024-03-14
770,Name770,Surname770,Germany,2024-02-29
771,Name771,Surname771,India,2024-07-27
772,Name772,Surname772,Germany,2024-11-04
773,Name773,Surname773,Germany,2024-06-08
774,Name774,Surname774,UAE,2024-08-19
775,Name775,Surname775,Australia,2024-02-04
776,Name776,Surname776,Canada,2024-03-08
777,Name777,Surname777,Australia,2024-03-07
778,Name778,Surname778,UAE,2024-02-10
779,Name779,Surname779,Canada,2024-10-07
780,Name780,Surname780,Germany,2024-06-30
781,Name781,Surname781,Canada,2024-09-25
782,Name782,Surname782,India,2024-06-29
783,Name783,Surname783,UK,2024-04-15
784,Name784,Surname784,UK,2024-09-27
785,Name785,Surname785,India,2024-07-05
786,Name786,Surname786,Germany,2024-02-01
787,Name787,Surname787,Canada,2024-03-04
788,Name788,Surname788,Canada,2024-04-04
789,Name789,Surname789,Germany,2024-09-03
790,Name790,Surname790,UAE,2024-03-03
791,Name791,Surname791,Australia,2024-09-09
792,Name792,Surname792,UK,2024-11-16
793,Name793,Surname793,Australia,2024-06-29
794,Name794,Surname794,Canada,2024-02-03
795,Name795,Surname795,Australia,2024-09-24
796,Name796,Surname796,UAE,2024-06-08
797,Name797,Surname797,India,2024-11-14
798,Name798,Surname798,India,2024-05-01
799,Name799,Surname799,UK,2024-08-16
800,Name800,Surname800,India,2024-07-10
801,Name801,Surname801,India,2024-06-15
802,Name802,Surname802,UAE,2024-08-09
803,Name803,Surname803,UAE,2024-09-27
804,Name804,Surname804,UK,2024-11-05
805,Name805,Surname805,Australia,2024-07-10
806,Name806,Surname806,USA,2024-01-21
807,Name807,Surname807,UAE,2024-09-23
808,Name808,Surname808,UAE,2024-03-17
809,Name809,Surname809,Canada,2024-03-02
810,Name810,Surname810,UAE,2024-03-19
811,Name811,Surname811,Australia,2024-10-01
812,Name812,Surname812,USA,2024-12-16
813,Name813,Surname813,UK,2024-06-25
814,Name814,Surname814,Australia,2024-09-28
815,Name815,Surname815,UK,2024-05-08
816,Name816,Surname816,UAE,2024-05-16
817,Name817,Surname817,Canada,2024-05-25
818,Name818,Surname818,Canada,2024-02-27
819,Name819,Surname819,India,2024-03-03
820,Name820,Surname820,Germany,2024-10-26
821,Name821,Surname821,Australia,2024-12-17
822,Name822,Surname822,Canada,2024-06-11
823,Name823,Surname823,Canada,2024-08-13
824,Name824,Surname824,USA,2024-07-14
825,Name825,Surname825,UAE,2024-07-15
826,Name826,Surname826,Australia,2024-11-17
827,Name827,Surname827,UK,2024-11-13
828,Name828,Surname828,Germany,2024-03-10
829,Name829,Surname829,UAE,2024-02-22
830,Name830,Surname830,Germany,2024-12-12
831,Name831,Surname831,Canada,2024-08-24
832,Name832,Surname832,Germany,2024-08-16
833,Name833,Surname833,Canada,2024-07-03
834,Name834,Surname834,UAE,2024-04-24
835,Name835,Surname835,USA,2024-10-30
836,Name836,Surname836,UK,2024-12-09
837,Name837,Surname837,USA,2024-10-07
838,Name838,Surname838,USA,2024-09-14
839,Name839,Surname839,UAE,2024-05-02
840,Name840,Surname840,UK,2024-04-17
841,Name841,Surname841,Germany,2024-12-25
842,Name842,Surname842,Germany,2024-06-05
843,Name843,Surname843,Canada,2024-02-02
844,Name844,Surname844,India,2024-03-16
845,Name845,Surname845,Canada,2024-06-19
846,Name846,Surname846,Australia,2024-08-16
847,Name847,Surname847,USA,2024-02-24
848,Name848,Surname848,USA,2024-09-16
849,Name849,Surname849,UAE,2024-11-05
850,Name850,Surname850,USA,2024-09-26
851,Name851,Surname851,Canada,2024-12-20
852,Name852,Surname852,UAE,2024-08-31
853,Name853,Surname853,UAE,2024-01-20
854,Name854,Surname854,Australia,2024-06-30
855,Name855,Surname855,India,2024-06-12
856,Name856,Surname856,Australia,2024-06-04
857,Name857,Surname857,USA,2024-01-17
858,Name858,Surname858,Canada,2024-09-17
859,Name859,Surname859,USA,2024-03-30
860,Name860,Surname860,Germany,2024-09-16
861,Name861,Surname861,USA,2024-07-12
862,Name862,Surname862,USA,2024-07-11
863,Name863,Surname863,India,2024-09-24
864,Name864,Surname864,India,2024-09-07
865,Name865,Surname865,Germany,2024-07-04
866,Name866,Surname866,Canada,2024-03-18
867,Name867,Surname867,UAE,2024-10-29
868,Name868,Surname868,UAE,2024-10-17
869,Name869,Surname869,Canada,2024-01-20
870,Name870,Surname870,USA,2024-01-04
871,Name871,Surname871,Australia,2024-12-18
872,Name872,Surname872,Germany,2024-05-25
873,Name873,Surname873,USA,2024-05-25
874,Name874,Surname874,Australia,2024-04-21
875,Name875,Surname875,India,2024-04-30
876,Name876,Surname876,USA,2024-01-10
877,Name877,Surname877,UK,2024-11-26
878,Name878,Surname878,USA,2024-10-02
879,Name879,Surname879,Germany,2024-10-25
880,Name880,Surname880,India,2024-01-18
881,Name881,Surname881,Canada,2024-06-26
882,Name882,Surname882,Germany,2024-02-28
883,Name883,Surname883,Canada,2024-12-11
884,Name884,Surname884,UAE,2024-03-31
885,Name885,Surname885,Australia,2024-01-28
886,Name886,Surname886,UAE,2024-08-03
887,Name887,Surname887,UK,2024-09-05
888,Name888,Surname888,USA,2024-10-28
889,Name889,Surname889,UK,2024-06-22
890,Name890,Surname890,USA,2024-02-03
891,Name891,Surname891,USA,2024-04-09
892,Name892,Surname892,Canada,2024-08-14
893,Name893,Surname893,Germany,2024-04-27
894,Name894,Surname894,India,2024-10-31
895,Name895,Surname895,UAE,2024-07-21
896,Name896,Surname896,India,2024-04-14
897,Name897,Surname897,Australia,2024-07-14
898,Name898,Surname898,Canada,2024-04-13
899,Name899,Surname899,UAE,2024-09-02
900,Name900,Surname900,UK,2024-04-13
901,Name901,Surname901,Australia,2024-10-20
902,Name902,Surname902,UAE,2024-06-17
903,Name903,Surname903,Australia,2024-03-07
904,Name904,Surname904,Germany,2024-07-12
905,Name905,Surname905,USA,2024-08-28
906,Name906,Surname906,USA,2024-04-05
907,Name907,Surname907,UK,2024-10-03
908,Name908,Surname908,Germany,2024-03-25
909,Name909,Surname909,Australia,2024-03-30
910,Name910,Surname910,UK,2024-04-19
911,Name911,Surname911,Australia,2024-10-23
912,Name912,Surname912,India,2024-09-20
913,Name913,Surname913,UAE,2024-07-09
914,Name914,Surname914,UK,2024-05-19
915,Name915,Surname915,India,2024-08-30
916,Name916,Surname916,UAE,2024-04-03
917,Name917,Surname917,Australia,2024-01-13
918,Name918,Surname918,UAE,2024-09-11
919,Name919,Surname919,UAE,2024-02-21
920,Name920,Surname920,UAE,2024-08-30
921,Name921,Surname921,Australia,2024-08-16
922,Name922,Surname922,Australia,2024-08-02
923,Name923,Surname923,Canada,2024-06-09
924,Name924,Surname924,Australia,2024-08-19
925,Name925,Surname925,USA,2024-01-23
926,Name926,Surname926,UAE,2024-12-16
927,Name927,Surname927,Germany,2024-06-24
928,Name928,Surname928,Germany,2024-06-11
929,Name929,Surname929,India,2024-08-02
930,Name930,Surname930,Canada,2024-12-12
931,Name931,Surname931,UK,2024-04-22
932,Name932,Surname932,Australia,2024-10-31
933,Name933,Surname933,India,2024-09-14
934,Name934,Surname934,Australia,2024-07-21
935,Name935,Surname935,Australia,2024-03-17
936,Name936,Surname936,India,2024-01-06
937,Name937,Surname937,UAE,2024-07-25
938,Name938,Surname938,Germany,2024-03-17
939,Name939,Surname939,India,2024-06-21
940,Name940,Surname940,Germany,2024-02-24
941,Name941,Surname941,Germany,2024-06-12
942,Name942,Surname942,UK,2024-02-09
943,Name943,Surname943,USA,2024-06-07
944,Name944,Surname944,UK,2024-12-06
945,Name945,Surname945,UK,2024-12-16
946,Name946,Surname946,UK,2024-04-01
947,Name947,Surname947,Canada,2024-09-09
948,Name948,Surname948,UAE,2024-01-12
949,Name949,Surname949,Australia,2024-07-10
950,Name950,Surname950,Germany,2024-07-13
951,Name951,Surname951,India,2024-09-19
952,Name952,Surname952,Canada,2024-08-25
953,Name953,Surname953,Australia,2024-08-15
954,Name954,Surname954,Germany,2024-03-02
955,Name955,Surname955,UK,2024-06-08
956,Name956,Surname956,UAE,2024-01-31
957,Name957,Surname957,Australia,2024-01-27
958,Name958,Surname958,UAE,2024-05-07
959,Name959,Surname959,Australia,2024-02-24
960,Name960,Surname960,India,2024-04-08
961,Name961,Surname961,UAE,2024-06-08
962,Name962,Surname962,Canada,2024-05-01
963,Name963,Surname963,UAE,2024-08-13
964,Name964,Surname964,Canada,2024-04-22
965,Name965,Surname965,USA,2024-01-09
966,Name966,Surname966,USA,2024-10-04
967,Name967,Surname967,UAE,2024-10-22
968,Name968,Surname968,Australia,2024-09-29
969,Name969,Surname969,UAE,2024-04-22
970,Name970,Surname970,Germany,2024-01-25
971,Name971,Surname971,USA,2024-11-20
972,Name972,Surname972,India,2024-08-27
973,Name973,Surname973,Australia,2024-12-13
974,Name974,Surname974,USA,2024-10-08
975,Name975,Surname975,USA,2024-01-22
976,Name976,Surname976,Canada,2024-03-10
977,Name977,Surname977,USA,2024-04-06
978,Name978,Surname978,Canada,2024-03-17
979,Name979,Surname979,USA,2024-06-21
980,Name980,Surname980,Australia,2024-09-04
981,Name981,Surname981,Germany,2024-09-04
982,Name982,Surname982,Canada,2024-09-20
983,Name983,Surname983,India,2024-06-16
984,Name984,Surname984,Australia,2024-07-09
985,Name985,Surname985,Australia,2024-05-12
986,Name986,Surname986,UAE,2024-12-13
987,Name987,Surname987,USA,2024-04-03
988,Name988,Surname988,USA,2024-01-02
989,Name989,Surname989,Germany,2024-03-24
990,Name990,Surname990,UK,2024-05-15
991,Name991,Surname991,Germany,2024-04-01
992,Name992,Surname992,Australia,2024-07-14
993,Name993,Surname993,Germany,2024-05-04
994,Name994,Surname994,Australia,2024-11-27
995,Name995,Surname995,India,2024-09-08
996,Name996,Surname996,USA,2024-05-10
997,Name997,Surname997,UAE,2024-06-29
998,Name998,Surname998,Australia,2024-08-01
999,Name999,Surname999,India,2024-04-06
1000,Name1000,Surname1000,Germany,2024-03-30
